num_fins,fin_height_m,fin_thickness_m,base_thickness_m,spacing_m,h_W_per_m2K,eta_fin,base_exposed_area_m2,A_eff_m2,R_base_K_per_W,R_contact_K_per_W,R_conv_K_per_W,R_total_K_per_W,T_chip_C,Pass_R_total,Pass_derated_70C,Pass_failure_85C
8,0.05,0.003,0.003,0.003828571428571428,65.0,0.8472797131485227,0.00136144,0.03579488754235596,0.0056707430488031705,0.012916692500051669,0.42979923784956225,0.4483866733984171,69.8386673398417,True,True,True
9,0.045,0.0025,0.003,0.0035375,65.0,0.8513230927470943,0.00143764,0.03646788262035743,0.0056707430488031705,0.012916692500051669,0.4218675250431799,0.44045496059203476,69.04549605920349,True,True,True
9,0.045,0.0025,0.004,0.0035375,65.0,0.8513230927470943,0.00143764,0.03646788262035743,0.00756099073173756,0.012916692500051669,0.4218675250431799,0.44234520827496915,69.23452082749691,True,True,True
9,0.045,0.0025,0.005,0.0035375,65.0,0.8513230927470943,0.00143764,0.03646788262035743,0.00945123841467195,0.012916692500051669,0.4218675250431799,0.44423545595790354,69.42354559579036,True,True,True
9,0.045,0.0025,0.006,0.0035375,65.0,0.8513230927470943,0.00143764,0.03646788262035743,0.011341486097606341,0.012916692500051669,0.4218675250431799,0.4461257036408379,69.6125703640838,True,True,True
9,0.045,0.003,0.003,0.0029749999999999998,65.0,0.8711525473689028,0.00120904,0.037055225019135614,0.0056707430488031705,0.012916692500051669,0.4151807302929788,0.43376816584183364,68.37681658418336,True,True,True
9,0.045,0.003,0.004,0.0029749999999999998,65.0,0.8711525473689028,0.00120904,0.037055225019135614,0.00756099073173756,0.012916692500051669,0.4151807302929788,0.43565841352476803,68.56584135247681,True,True,True
9,0.045,0.003,0.005,0.0029749999999999998,65.0,0.8711525473689028,0.00120904,0.037055225019135614,0.00945123841467195,0.012916692500051669,0.4151807302929788,0.4375486612077024,68.75486612077025,True,True,True
9,0.045,0.003,0.006,0.0029749999999999998,65.0,0.8711525473689028,0.00120904,0.037055225019135614,0.011341486097606341,0.012916692500051669,0.4151807302929788,0.4394389088906368,68.94389088906368,True,True,True
9,0.05,0.0015,0.003,0.0046625,65.0,0.7467873748635436,0.00189484,0.03603795877876122,0.0056707430488031705,0.012916692500051669,0.4269002991834884,0.4454877347323432,69.54877347323432,True,True,True
9,0.05,0.0015,0.004,0.0046625,65.0,0.7467873748635436,0.00189484,0.03603795877876122,0.00756099073173756,0.012916692500051669,0.4269002991834884,0.4473779824152776,69.73779824152777,True,True,True
9,0.05,0.0015,0.005,0.0046625,65.0,0.7467873748635436,0.00189484,0.03603795877876122,0.00945123841467195,0.012916692500051669,0.4269002991834884,0.449268230098212,69.92682300982119,True,True,True
9,0.05,0.002,0.003,0.0040999999999999995,65.0,0.7930937892739091,0.0016662399999999998,0.03792648804560313,0.0056707430488031705,0.012916692500051669,0.4056430262173707,0.42423046176622553,67.42304617662256,True,True,True
9,0.05,0.002,0.004,0.0040999999999999995,65.0,0.7930937892739091,0.0016662399999999998,0.03792648804560313,0.00756099073173756,0.012916692500051669,0.4056430262173707,0.4261207094491599,67.61207094491598,True,True,True
9,0.05,0.002,0.005,0.0040999999999999995,65.0,0.7930937892739091,0.0016662399999999998,0.03792648804560313,0.00945123841467195,0.012916692500051669,0.4056430262173707,0.4280109571320943,67.80109571320943,True,True,True
9,0.05,0.002,0.006,0.0040999999999999995,65.0,0.7930937892739091,0.0016662399999999998,0.03792648804560313,0.011341486097606341,0.012916692500051669,0.4056430262173707,0.4299012048150287,67.99012048150287,True,True,True
9,0.05,0.0025,0.003,0.0035375,65.0,0.824534201842774,0.00143764,0.03913534370825163,0.0056707430488031705,0.012916692500051669,0.39311307700030657,0.4117005125491614,66.17005125491613,True,True,True
9,0.05,0.0025,0.004,0.0035375,65.0,0.824534201842774,0.00143764,0.03913534370825163,0.00756099073173756,0.012916692500051669,0.39311307700030657,0.4135907602320958,66.35907602320958,True,True,True
9,0.05,0.0025,0.005,0.0035375,65.0,0.824534201842774,0.00143764,0.03913534370825163,0.00945123841467195,0.012916692500051669,0.39311307700030657,0.4154810079150302,66.54810079150302,True,True,True
9,0.05,0.0025,0.006,0.0035375,65.0,0.824534201842774,0.00143764,0.03913534370825163,0.011341486097606341,0.012916692500051669,0.39311307700030657,0.41737125559796456,66.73712555979645,True,True,True
9,0.05,0.003,0.003,0.0029749999999999998,65.0,0.8472797131485227,0.00120904,0.03994666848515046,0.0056707430488031705,0.012916692500051669,0.38512887226964554,0.4037163078185004,65.37163078185003,True,True,True
9,0.05,0.003,0.004,0.0029749999999999998,65.0,0.8472797131485227,0.00120904,0.03994666848515046,0.00756099073173756,0.012916692500051669,0.38512887226964554,0.40560655550143476,65.56065555014348,True,True,True
9,0.05,0.003,0.005,0.0029749999999999998,65.0,0.8472797131485227,0.00120904,0.03994666848515046,0.00945123841467195,0.012916692500051669,0.38512887226964554,0.40749680318436915,65.74968031843692,True,True,True
9,0.05,0.003,0.006,0.0029749999999999998,65.0,0.8472797131485227,0.00120904,0.03994666848515046,0.011341486097606341,0.012916692500051669,0.38512887226964554,0.40938705086730354,65.93870508673035,True,True,True
10,0.04,0.002,0.003,0.003422222222222222,65.0,0.8534914981291505,0.00156464,0.03625053448396867,0.0056707430488031705,0.012916692500051669,0.4243969255520641,0.44298436110091893,69.2984361100919,True,True,True
10,0.04,0.002,0.004,0.003422222222222222,65.0,0.8534914981291505,0.00156464,0.03625053448396867,0.00756099073173756,0.012916692500051669,0.4243969255520641,0.4448746087838533,69.48746087838533,True,True,True
10,0.04,0.002,0.005,0.003422222222222222,65.0,0.8534914981291505,0.00156464,0.03625053448396867,0.00945123841467195,0.012916692500051669,0.4243969255520641,0.4467648564667877,69.67648564667877,True,True,True
10,0.04,0.002,0.006,0.003422222222222222,65.0,0.8534914981291505,0.00156464,0.03625053448396867,0.011341486097606341,0.012916692500051669,0.4243969255520641,0.4486551041497221,69.8655104149722,True,True,True
10,0.04,0.0025,0.003,0.0028666666666666662,65.0,0.8772735851881902,0.0013106399999999999,0.036963038502048046,0.0056707430488031705,0.012916692500051669,0.4162161988864351,0.4348036344352899,68.480363443529,True,True,True
10,0.04,0.0025,0.004,0.0028666666666666662,65.0,0.8772735851881902,0.0013106399999999999,0.036963038502048046,0.00756099073173756,0.012916692500051669,0.4162161988864351,0.4366938821182243,68.66938821182242,True,True,True
10,0.04,0.0025,0.005,0.0028666666666666662,65.0,0.8772735851881902,0.0013106399999999999,0.036963038502048046,0.00945123841467195,0.012916692500051669,0.4162161988864351,0.4385841298011587,68.85841298011587,True,True,True
10,0.04,0.0025,0.006,0.0028666666666666662,65.0,0.8772735851881902,0.0013106399999999999,0.036963038502048046,0.011341486097606341,0.012916692500051669,0.4162161988864351,0.44047437748409307,69.04743774840931,True,True,True
10,0.04,0.003,0.003,0.002311111111111111,65.0,0.8940511260024171,0.00105664,0.037390877760738225,0.0056707430488031705,0.012916692500051669,0.41145371026218025,0.4300411458110351,68.00411458110351,True,True,True
10,0.04,0.003,0.004,0.002311111111111111,65.0,0.8940511260024171,0.00105664,0.037390877760738225,0.00756099073173756,0.012916692500051669,0.41145371026218025,0.4319313934939695,68.19313934939694,True,True,True
10,0.04,0.003,0.005,0.002311111111111111,65.0,0.8940511260024171,0.00105664,0.037390877760738225,0.00945123841467195,0.012916692500051669,0.41145371026218025,0.43382164117690386,68.3821641176904,True,True,True
10,0.04,0.003,0.006,0.002311111111111111,65.0,0.8940511260024171,0.00105664,0.037390877760738225,0.011341486097606341,0.012916692500051669,0.41145371026218025,0.43571188885983825,68.57118888598382,True,True,True
10,0.045,0.0015,0.003,0.003977777777777778,65.0,0.7819191519258898,0.0018186399999999998,0.03756798362605168,0.0056707430488031705,0.012916692500051669,0.4095140036727139,0.42810143922156874,67.81014392215687,True,True,True
10,0.045,0.0015,0.004,0.003977777777777778,65.0,0.7819191519258898,0.0018186399999999998,0.03756798362605168,0.00756099073173756,0.012916692500051669,0.4095140036727139,0.4299916869045031,67.99916869045032,True,True,True
10,0.045,0.0015,0.005,0.003977777777777778,65.0,0.7819191519258898,0.0018186399999999998,0.03756798362605168,0.00945123841467195,0.012916692500051669,0.4095140036727139,0.4318819345874375,68.18819345874375,True,True,True
10,0.045,0.0015,0.006,0.003977777777777778,65.0,0.7819191519258898,0.0018186399999999998,0.03756798362605168,0.011341486097606341,0.012916692500051669,0.4095140036727139,0.4337721822703719,68.37721822703719,True,True,True
10,0.045,0.002,0.003,0.003422222222222222,65.0,0.823561691057948,0.00156464,0.039217880515169376,0.0056707430488031705,0.012916692500051669,0.3922857426898594,0.4108731782387142,66.08731782387142,True,True,True
10,0.045,0.002,0.004,0.003422222222222222,65.0,0.823561691057948,0.00156464,0.039217880515169376,0.00756099073173756,0.012916692500051669,0.3922857426898594,0.4127634259216486,66.27634259216487,True,True,True
10,0.045,0.002,0.005,0.003422222222222222,65.0,0.823561691057948,0.00156464,0.039217880515169376,0.00945123841467195,0.012916692500051669,0.3922857426898594,0.414653673604583,66.4653673604583,True,True,True
10,0.045,0.002,0.006,0.003422222222222222,65.0,0.823561691057948,0.00156464,0.039217880515169376,0.011341486097606341,0.012916692500051669,0.3922857426898594,0.4165439212875174,66.65439212875174,True,True,True
10,0.045,0.0025,0.003,0.0028666666666666662,65.0,0.8513230927470943,0.0013106399999999999,0.04023313180039715,0.0056707430488031705,0.012916692500051669,0.3823867219917372,0.400974157540592,65.0974157540592,True,True,True
10,0.045,0.0025,0.004,0.0028666666666666662,65.0,0.8513230927470943,0.0013106399999999999,0.04023313180039715,0.00756099073173756,0.012916692500051669,0.3823867219917372,0.4028644052235264,65.28644052235265,True,True,True
10,0.045,0.0025,0.005,0.0028666666666666662,65.0,0.8513230927470943,0.0013106399999999999,0.04023313180039715,0.00945123841467195,0.012916692500051669,0.3823867219917372,0.4047546529064608,65.47546529064607,True,True,True
10,0.045,0.0025,0.006,0.0028666666666666662,65.0,0.8513230927470943,0.0013106399999999999,0.04023313180039715,0.011341486097606341,0.012916692500051669,0.3823867219917372,0.4066449005893952,65.66449005893952,True,True,True
10,0.045,0.003,0.003,0.002311111111111111,65.0,0.8711525473689028,0.00105664,0.04088573446570623,0.0056707430488031705,0.012916692500051669,0.3762832094289404,0.3948706449777952,64.48706449777953,True,True,True
10,0.045,0.003,0.004,0.002311111111111111,65.0,0.8711525473689028,0.00105664,0.04088573446570623,0.00756099073173756,0.012916692500051669,0.3762832094289404,0.3967608926607296,64.67608926607296,True,True,True
10,0.045,0.003,0.005,0.002311111111111111,65.0,0.8711525473689028,0.00105664,0.04088573446570623,0.00945123841467195,0.012916692500051669,0.3762832094289404,0.398651140343664,64.8651140343664,True,True,True
10,0.045,0.003,0.006,0.002311111111111111,65.0,0.8711525473689028,0.00105664,0.04088573446570623,0.011341486097606341,0.012916692500051669,0.3762832094289404,0.4005413880265984,65.05413880265984,True,True,True
10,0.05,0.001,0.003,0.004533333333333333,65.0,0.671743357372989,0.0020726399999999997,0.03619720255454784,0.0056707430488031705,0.012916692500051669,0.4250222199196565,0.44360965546851133,69.36096554685113,True,True,True
10,0.05,0.001,0.004,0.004533333333333333,65.0,0.671743357372989,0.0020726399999999997,0.03619720255454784,0.00756099073173756,0.012916692500051669,0.4250222199196565,0.4454999031514457,69.54999031514457,True,True,True
10,0.05,0.001,0.005,0.004533333333333333,65.0,0.671743357372989,0.0020726399999999997,0.03619720255454784,0.00945123841467195,0.012916692500051669,0.4250222199196565,0.4473901508343801,69.739015083438,True,True,True
10,0.05,0.001,0.006,0.004533333333333333,65.0,0.671743357372989,0.0020726399999999997,0.03619720255454784,0.011341486097606341,0.012916692500051669,0.4250222199196565,0.4492803985173145,69.92803985173146,True,True,True
10,0.05,0.0015,0.003,0.003977777777777778,65.0,0.7467873748635436,0.0018186399999999998,0.03975543864306802,0.0056707430488031705,0.012916692500051669,0.3869814020351133,0.4055688375839681,65.55688375839681,True,True,True
10,0.05,0.0015,0.004,0.003977777777777778,65.0,0.7467873748635436,0.0018186399999999998,0.03975543864306802,0.00756099073173756,0.012916692500051669,0.3869814020351133,0.4074590852669025,65.74590852669024,True,True,True
10,0.05,0.0015,0.005,0.003977777777777778,65.0,0.7467873748635436,0.0018186399999999998,0.03975543864306802,0.00945123841467195,0.012916692500051669,0.3869814020351133,0.4093493329498369,65.9349332949837,True,True,True
10,0.05,0.0015,0.006,0.003977777777777778,65.0,0.7467873748635436,0.0018186399999999998,0.03975543864306802,0.011341486097606341,0.012916692500051669,0.3869814020351133,0.4112395806327713,66.12395806327713,True,True,True
10,0.05,0.002,0.003,0.003422222222222222,65.0,0.7930937892739091,0.00156464,0.04185380449511458,0.0056707430488031705,0.012916692500051669,0.3675798549307785,0.38616729047963333,63.61672904796333,True,True,True
10,0.05,0.002,0.004,0.003422222222222222,65.0,0.7930937892739091,0.00156464,0.04185380449511458,0.00756099073173756,0.012916692500051669,0.3675798549307785,0.3880575381625677,63.80575381625677,True,True,True
10,0.05,0.002,0.005,0.003422222222222222,65.0,0.7930937892739091,0.00156464,0.04185380449511458,0.00945123841467195,0.012916692500051669,0.3675798549307785,0.3899477858455021,63.99477858455021,True,True,True
10,0.05,0.002,0.006,0.003422222222222222,65.0,0.7930937892739091,0.00156464,0.04185380449511458,0.011341486097606341,0.012916692500051669,0.3675798549307785,0.3918380335284365,64.18380335284365,True,True,True
10,0.05,0.0025,0.003,0.0028666666666666662,65.0,0.824534201842774,0.0013106399999999999,0.04319697745361293,0.0056707430488031705,0.012916692500051669,0.3561502746606786,0.37473771020953345,62.47377102095334,True,True,True
10,0.05,0.0025,0.004,0.0028666666666666662,65.0,0.824534201842774,0.0013106399999999999,0.04319697745361293,0.00756099073173756,0.012916692500051669,0.3561502746606786,0.37662795789246784,62.662795789246786,True,True,True
10,0.05,0.0025,0.005,0.0028666666666666662,65.0,0.824534201842774,0.0013106399999999999,0.04319697745361293,0.00945123841467195,0.012916692500051669,0.3561502746606786,0.3785182055754022,62.85182055754022,True,True,True
10,0.05,0.0025,0.006,0.0028666666666666662,65.0,0.824534201842774,0.0013106399999999999,0.04319697745361293,0.011341486097606341,0.012916692500051669,0.3561502746606786,0.3804084532583366,63.04084532583366,True,True,True
10,0.05,0.003,0.003,0.002311111111111111,65.0,0.8472797131485227,0.00105664,0.044098449427944955,0.0056707430488031705,0.012916692500051669,0.34886975810233894,0.3674571936511938,61.74571936511938,True,True,True
10,0.05,0.003,0.004,0.002311111111111111,65.0,0.8472797131485227,0.00105664,0.044098449427944955,0.00756099073173756,0.012916692500051669,0.34886975810233894,0.36934744133412817,61.93474413341281,True,True,True
10,0.05,0.003,0.005,0.002311111111111111,65.0,0.8472797131485227,0.00105664,0.044098449427944955,0.00945123841467195,0.012916692500051669,0.34886975810233894,0.37123768901706256,62.123768901706256,True,True,True
10,0.05,0.003,0.006,0.002311111111111111,65.0,0.8472797131485227,0.00105664,0.044098449427944955,0.011341486097606341,0.012916692500051669,0.34886975810233894,0.37312793669999694,62.31279366999969,True,True,True
11,0.035,0.002,0.003,0.0028799999999999997,65.0,0.8823289044669683,0.00146304,0.035976217427129926,0.0056707430488031705,0.012916692500051669,0.4276329332225387,0.44622036877139354,69.62203687713935,True,True,True
11,0.035,0.002,0.004,0.0028799999999999997,65.0,0.8823289044669683,0.00146304,0.035976217427129926,0.00756099073173756,0.012916692500051669,0.4276329332225387,0.4481106164543279,69.8110616454328,True,True,True
11,0.035,0.0025,0.003,0.0023299999999999996,65.0,0.9019453788471857,0.00118364,0.036464135438986515,0.0056707430488031705,0.012916692500051669,0.42191087761720386,0.4404983131660587,69.04983131660586,True,True,True
11,0.035,0.0025,0.004,0.0023299999999999996,65.0,0.9019453788471857,0.00118364,0.036464135438986515,0.00756099073173756,0.012916692500051669,0.42191087761720386,0.4423885608489931,69.23885608489931,True,True,True
11,0.035,0.0025,0.005,0.0023299999999999996,65.0,0.9019453788471857,0.00118364,0.036464135438986515,0.00945123841467195,0.012916692500051669,0.42191087761720386,0.44427880853192747,69.42788085319275,True,True,True
11,0.035,0.0025,0.006,0.0023299999999999996,65.0,0.9019453788471857,0.00118364,0.036464135438986515,0.011341486097606341,0.012916692500051669,0.42191087761720386,0.44616905621486186,69.61690562148618,True,True,True
11,0.04,0.001,0.003,0.00398,65.0,0.7548114374884926,0.00202184,0.03576493050148557,0.0056707430488031705,0.012916692500051669,0.43015924171798275,0.4487466772668376,69.87466772668375,True,True,True
11,0.04,0.0015,0.003,0.00343,65.0,0.8171663578956474,0.00174244,0.03827304486336702,0.0056707430488031705,0.012916692500051669,0.40196998800429234,0.4205574235531472,67.05574235531472,True,True,True
11,0.04,0.0015,0.004,0.00343,65.0,0.8171663578956474,0.00174244,0.03827304486336702,0.00756099073173756,0.012916692500051669,0.40196998800429234,0.42244767123608157,67.24476712360816,True,True,True
11,0.04,0.0015,0.005,0.00343,65.0,0.8171663578956474,0.00174244,0.03827304486336702,0.00945123841467195,0.012916692500051669,0.40196998800429234,0.42433791891901596,67.43379189190159,True,True,True
11,0.04,0.0015,0.006,0.00343,65.0,0.8171663578956474,0.00174244,0.03827304486336702,0.011341486097606341,0.012916692500051669,0.40196998800429234,0.42622816660195034,67.62281666019504,True,True,True
11,0.04,0.002,0.003,0.0028799999999999997,65.0,0.8534914981291505,0.00146304,0.03961752393236554,0.0056707430488031705,0.012916692500051669,0.3883285439766446,0.40691597952549946,65.69159795254996,True,True,True
11,0.04,0.002,0.004,0.0028799999999999997,65.0,0.8534914981291505,0.00146304,0.03961752393236554,0.00756099073173756,0.012916692500051669,0.3883285439766446,0.40880622720843385,65.88062272084338,True,True,True
11,0.04,0.002,0.005,0.0028799999999999997,65.0,0.8534914981291505,0.00146304,0.03961752393236554,0.00945123841467195,0.012916692500051669,0.3883285439766446,0.41069647489136824,66.06964748913683,True,True,True
11,0.04,0.002,0.006,0.0028799999999999997,65.0,0.8534914981291505,0.00146304,0.03961752393236554,0.011341486097606341,0.012916692500051669,0.3883285439766446,0.4125867225743026,66.25867225743026,True,True,True
11,0.04,0.0025,0.003,0.0023299999999999996,65.0,0.8772735851881902,0.00118364,0.04040127835225286,0.0056707430488031705,0.012916692500051669,0.38079526223104043,0.39938269777989527,64.93826977798952,True,True,True
11,0.04,0.0025,0.004,0.0023299999999999996,65.0,0.8772735851881902,0.00118364,0.04040127835225286,0.00756099073173756,0.012916692500051669,0.38079526223104043,0.40127294546282966,65.12729454628297,True,True,True
11,0.04,0.0025,0.005,0.0023299999999999996,65.0,0.8772735851881902,0.00118364,0.04040127835225286,0.00945123841467195,0.012916692500051669,0.38079526223104043,0.40316319314576404,65.3163193145764,True,True,True
11,0.04,0.0025,0.006,0.0023299999999999996,65.0,0.8772735851881902,0.00118364,0.04040127835225286,0.011341486097606341,0.012916692500051669,0.38079526223104043,0.40505344082869843,65.50534408286984,True,True,True
11,0.045,0.001,0.003,0.00398,65.0,0.7124808841793205,0.00202184,0.037853928627146385,0.0056707430488031705,0.012916692500051669,0.4064205735724491,0.42500800912130393,67.50080091213039,True,True,True
11,0.045,0.001,0.004,0.00398,65.0,0.7124808841793205,0.00202184,0.037853928627146385,0.00756099073173756,0.012916692500051669,0.4064205735724491,0.4268982568042383,67.68982568042384,True,True,True
11,0.045,0.001,0.005,0.00398,65.0,0.7124808841793205,0.00202184,0.037853928627146385,0.00945123841467195,0.012916692500051669,0.4064205735724491,0.4287885044871727,67.87885044871727,True,True,True
11,0.045,0.001,0.006,0.00398,65.0,0.7124808841793205,0.00202184,0.037853928627146385,0.011341486097606341,0.012916692500051669,0.4064205735724491,0.4306787521701071,68.06787521701071,True,True,True
11,0.045,0.0015,0.003,0.00343,65.0,0.7819191519258898,0.00174244,0.041066717988656846,0.0056707430488031705,0.012916692500051669,0.3746249064477179,0.39321234199657273,64.32123419965728,True,True,True
11,0.045,0.0015,0.004,0.00343,65.0,0.7819191519258898,0.00174244,0.041066717988656846,0.00756099073173756,0.012916692500051669,0.3746249064477179,0.3951025896795071,64.5102589679507,True,True,True
11,0.045,0.0015,0.005,0.00343,65.0,0.7819191519258898,0.00174244,0.041066717988656846,0.00945123841467195,0.012916692500051669,0.3746249064477179,0.3969928373624415,64.69928373624415,True,True,True
11,0.045,0.0015,0.006,0.00343,65.0,0.7819191519258898,0.00174244,0.041066717988656846,0.011341486097606341,0.012916692500051669,0.3746249064477179,0.3988830850453759,64.88830850453759,True,True,True
11,0.045,0.002,0.003,0.0028799999999999997,65.0,0.823561691057948,0.00146304,0.04288160456668631,0.0056707430488031705,0.012916692500051669,0.35876958290332545,0.3773570184521803,62.73570184521803,True,True,True
11,0.045,0.002,0.004,0.0028799999999999997,65.0,0.823561691057948,0.00146304,0.04288160456668631,0.00756099073173756,0.012916692500051669,0.35876958290332545,0.37924726613511467,62.92472661351147,True,True,True
11,0.045,0.002,0.005,0.0028799999999999997,65.0,0.823561691057948,0.00146304,0.04288160456668631,0.00945123841467195,0.012916692500051669,0.35876958290332545,0.38113751381804906,63.1137513818049,True,True,True
11,0.045,0.002,0.006,0.0028799999999999997,65.0,0.823561691057948,0.00146304,0.04288160456668631,0.011341486097606341,0.012916692500051669,0.35876958290332545,0.38302776150098344,63.302776150098346,True,True,True
11,0.045,0.0025,0.003,0.0023299999999999996,65.0,0.8513230927470943,0.00118364,0.04399838098043686,0.0056707430488031705,0.012916692500051669,0.3496632158227798,0.36825065137163465,61.82506513716346,True,True,True
11,0.045,0.0025,0.004,0.0023299999999999996,65.0,0.8513230927470943,0.00118364,0.04399838098043686,0.00756099073173756,0.012916692500051669,0.3496632158227798,0.37014089905456904,62.014089905456906,True,True,True
11,0.045,0.0025,0.005,0.0023299999999999996,65.0,0.8513230927470943,0.00118364,0.04399838098043686,0.00945123841467195,0.012916692500051669,0.3496632158227798,0.3720311467375034,62.20311467375034,True,True,True
11,0.045,0.0025,0.006,0.0023299999999999996,65.0,0.8513230927470943,0.00118364,0.04399838098043686,0.011341486097606341,0.012916692500051669,0.3496632158227798,0.3739213944204378,62.392139442043785,True,True,True
11,0.05,0.001,0.003,0.00398,65.0,0.671743357372989,0.00202184,0.03955885881000262,0.0056707430488031705,0.012916692500051669,0.38890442867692937,0.4074918642257842,65.74918642257842,True,True,True
11,0.05,0.001,0.004,0.00398,65.0,0.671743357372989,0.00202184,0.03955885881000262,0.00756099073173756,0.012916692500051669,0.38890442867692937,0.4093821119087186,65.93821119087187,True,True,True
11,0.05,0.001,0.005,0.00398,65.0,0.671743357372989,0.00202184,0.03955885881000262,0.00945123841467195,0.012916692500051669,0.38890442867692937,0.411272359591653,66.12723595916529,True,True,True
11,0.05,0.001,0.006,0.00398,65.0,0.671743357372989,0.00202184,0.03955885881000262,0.011341486097606341,0.012916692500051669,0.38890442867692937,0.41316260727458737,66.31626072745874,True,True,True
11,0.05,0.0015,0.003,0.00343,65.0,0.7467873748635436,0.00174244,0.04347291850737482,0.0056707430488031705,0.012916692500051669,0.3538896377984264,0.37247707334728125,62.247707334728126,True,True,True
11,0.05,0.0015,0.004,0.00343,65.0,0.7467873748635436,0.00174244,0.04347291850737482,0.00756099073173756,0.012916692500051669,0.3538896377984264,0.37436732103021564,62.43673210302156,True,True,True
11,0.05,0.0015,0.005,0.00343,65.0,0.7467873748635436,0.00174244,0.04347291850737482,0.00945123841467195,0.012916692500051669,0.3538896377984264,0.37625756871315,62.625756871315005,True,True,True
11,0.05,0.0015,0.006,0.00343,65.0,0.7467873748635436,0.00174244,0.04347291850737482,0.011341486097606341,0.012916692500051669,0.3538896377984264,0.3781478163960844,62.81478163960844,True,True,True
11,0.05,0.002,0.003,0.0028799999999999997,65.0,0.7930937892739091,0.00146304,0.04578112094462604,0.0056707430488031705,0.012916692500051669,0.3360471536558409,0.35463458920469576,60.46345892046958,True,True,True
11,0.05,0.002,0.004,0.0028799999999999997,65.0,0.7930937892739091,0.00146304,0.04578112094462604,0.00756099073173756,0.012916692500051669,0.3360471536558409,0.35652483688763015,60.65248368876301,True,True,True
11,0.05,0.002,0.005,0.0028799999999999997,65.0,0.7930937892739091,0.00146304,0.04578112094462604,0.00945123841467195,0.012916692500051669,0.3360471536558409,0.35841508457056453,60.841508457056456,True,True,True
11,0.05,0.002,0.006,0.0028799999999999997,65.0,0.7930937892739091,0.00146304,0.04578112094462604,0.011341486097606341,0.012916692500051669,0.3360471536558409,0.3603053322534989,61.03053322534989,True,True,True
11,0.05,0.0025,0.003,0.0023299999999999996,65.0,0.824534201842774,0.00118364,0.04725861119897422,0.0056707430488031705,0.012916692500051669,0.32554099653587193,0.34412843208472677,59.41284320847268,True,True,True
11,0.05,0.0025,0.004,0.0023299999999999996,65.0,0.824534201842774,0.00118364,0.04725861119897422,0.00756099073173756,0.012916692500051669,0.32554099653587193,0.34601867976766115,59.601867976766115,True,True,True
11,0.05,0.0025,0.005,0.0023299999999999996,65.0,0.824534201842774,0.00118364,0.04725861119897422,0.00945123841467195,0.012916692500051669,0.32554099653587193,0.34790892745059554,59.79089274505955,True,True,True
11,0.05,0.0025,0.006,0.0023299999999999996,65.0,0.824534201842774,0.00118364,0.04725861119897422,0.011341486097606341,0.012916692500051669,0.32554099653587193,0.3497991751335299,59.979917513352994,True,True,True
12,0.035,0.001,0.003,0.0035272727272727274,65.0,0.7979562629595071,0.00197104,0.036021429653008086,0.0056707430488031705,0.012916692500051669,0.4270961905958289,0.4456836261446837,69.56836261446837,True,True,True
12,0.035,0.001,0.004,0.0035272727272727274,65.0,0.7979562629595071,0.00197104,0.036021429653008086,0.00756099073173756,0.012916692500051669,0.4270961905958289,0.4475738738276181,69.7573873827618,True,True,True
12,0.035,0.001,0.005,0.0035272727272727274,65.0,0.7979562629595071,0.00197104,0.036021429653008086,0.00945123841467195,0.012916692500051669,0.4270961905958289,0.4494641215105525,69.94641215105526,True,True,True
12,0.035,0.0015,0.003,0.0029818181818181814,65.0,0.8518355920853805,0.0016662399999999998,0.03801576838546736,0.0056707430488031705,0.012916692500051669,0.40469037028583654,0.4232778058346914,67.32778058346913,True,True,True
12,0.035,0.0015,0.004,0.0029818181818181814,65.0,0.8518355920853805,0.0016662399999999998,0.03801576838546736,0.00756099073173756,0.012916692500051669,0.40469037028583654,0.42516805351762577,67.51680535176257,True,True,True
12,0.035,0.0015,0.005,0.0029818181818181814,65.0,0.8518355920853805,0.0016662399999999998,0.03801576838546736,0.00945123841467195,0.012916692500051669,0.40469037028583654,0.42705830120056015,67.70583012005602,True,True,True
12,0.035,0.0015,0.006,0.0029818181818181814,65.0,0.8518355920853805,0.0016662399999999998,0.03801576838546736,0.011341486097606341,0.012916692500051669,0.40469037028583654,0.42894854888349454,67.89485488834946,True,True,True
12,0.035,0.002,0.003,0.0024363636363636362,65.0,0.8823289044669683,0.00136144,0.039012179011414475,0.0056707430488031705,0.012916692500051669,0.3943541677103973,0.4129416032592521,66.29416032592522,True,True,True
12,0.035,0.002,0.004,0.0024363636363636362,65.0,0.8823289044669683,0.00136144,0.039012179011414475,0.00756099073173756,0.012916692500051669,0.3943541677103973,0.4148318509421865,66.48318509421864,True,True,True
12,0.035,0.002,0.005,0.0024363636363636362,65.0,0.8823289044669683,0.00136144,0.039012179011414475,0.00945123841467195,0.012916692500051669,0.3943541677103973,0.4167220986251209,66.67220986251209,True,True,True
12,0.035,0.002,0.006,0.0024363636363636362,65.0,0.8823289044669683,0.00136144,0.039012179011414475,0.011341486097606341,0.012916692500051669,0.3943541677103973,0.41861234630805527,66.86123463080553,True,True,True
12,0.04,0.001,0.003,0.0035272727272727274,65.0,0.7548114374884926,0.00197104,0.0387816841834388,0.0056707430488031705,0.012916692500051669,0.3966979698933544,0.4152854054422092,66.52854054422093,True,True,True
12,0.04,0.001,0.004,0.0035272727272727274,65.0,0.7548114374884926,0.00197104,0.0387816841834388,0.00756099073173756,0.012916692500051669,0.3966979698933544,0.4171756531251436,66.71756531251435,True,True,True
12,0.04,0.001,0.005,0.0035272727272727274,65.0,0.7548114374884926,0.00197104,0.0387816841834388,0.00945123841467195,0.012916692500051669,0.3966979698933544,0.419065900808078,66.9065900808078,True,True,True
12,0.04,0.001,0.006,0.0035272727272727274,65.0,0.7548114374884926,0.00197104,0.0387816841834388,0.011341486097606341,0.012916692500051669,0.3966979698933544,0.42095614849101237,67.09561484910124,True,True,True
12,0.04,0.0015,0.003,0.0029818181818181814,65.0,0.8171663578956474,0.0016662399999999998,0.04151780894185493,0.0056707430488031705,0.012916692500051669,0.3705546072087115,0.3891420427575663,63.91420427575663,True,True,True
12,0.04,0.0015,0.004,0.0029818181818181814,65.0,0.8171663578956474,0.0016662399999999998,0.04151780894185493,0.00756099073173756,0.012916692500051669,0.3705546072087115,0.3910322904405007,64.10322904405007,True,True,True
12,0.04,0.0015,0.005,0.0029818181818181814,65.0,0.8171663578956474,0.0016662399999999998,0.04151780894185493,0.00945123841467195,0.012916692500051669,0.3705546072087115,0.3929225381234351,64.29225381234352,True,True,True
12,0.04,0.0015,0.006,0.0029818181818181814,65.0,0.8171663578956474,0.0016662399999999998,0.04151780894185493,0.011341486097606341,0.012916692500051669,0.3705546072087115,0.39481278580636947,64.48127858063694,True,True,True
12,0.04,0.002,0.003,0.0024363636363636362,65.0,0.8534914981291505,0.00136144,0.04298451338076241,0.0056707430488031705,0.012916692500051669,0.35791065606202077,0.3764980916108756,62.64980916108756,True,True,True
12,0.04,0.002,0.004,0.0024363636363636362,65.0,0.8534914981291505,0.00136144,0.04298451338076241,0.00756099073173756,0.012916692500051669,0.35791065606202077,0.37838833929381,62.838833929380996,True,True,True
12,0.04,0.002,0.005,0.0024363636363636362,65.0,0.8534914981291505,0.00136144,0.04298451338076241,0.00945123841467195,0.012916692500051669,0.35791065606202077,0.3802785869767444,63.02785869767444,True,True,True
12,0.04,0.002,0.006,0.0024363636363636362,65.0,0.8534914981291505,0.00136144,0.04298451338076241,0.011341486097606341,0.012916692500051669,0.35791065606202077,0.38216883465967877,63.216883465967875,True,True,True
12,0.045,0.001,0.003,0.0035272727272727274,65.0,0.7124808841793205,0.00197104,0.04106059122961424,0.0056707430488031705,0.012916692500051669,0.37468080521742464,0.3932682407662795,64.32682407662796,True,True,True
12,0.045,0.001,0.004,0.0035272727272727274,65.0,0.7124808841793205,0.00197104,0.04106059122961424,0.00756099073173756,0.012916692500051669,0.37468080521742464,0.39515848844921386,64.51584884492138,True,True,True
12,0.045,0.001,0.005,0.0035272727272727274,65.0,0.7124808841793205,0.00197104,0.04106059122961424,0.00945123841467195,0.012916692500051669,0.37468080521742464,0.39704873613214825,64.70487361321483,True,True,True
12,0.045,0.001,0.006,0.0035272727272727274,65.0,0.7124808841793205,0.00197104,0.04106059122961424,0.011341486097606341,0.012916692500051669,0.37468080521742464,0.39893898381508264,64.89389838150827,True,True,True
12,0.045,0.0015,0.003,0.0029818181818181814,65.0,0.7819191519258898,0.0016662399999999998,0.04456545235126201,0.0056707430488031705,0.012916692500051669,0.3452139397880412,0.36380137533689605,61.380137533689606,True,True,True
12,0.045,0.0015,0.004,0.0029818181818181814,65.0,0.7819191519258898,0.0016662399999999998,0.04456545235126201,0.00756099073173756,0.012916692500051669,0.3452139397880412,0.36569162301983044,61.56916230198304,True,True,True
12,0.045,0.0015,0.005,0.0029818181818181814,65.0,0.7819191519258898,0.0016662399999999998,0.04456545235126201,0.00945123841467195,0.012916692500051669,0.3452139397880412,0.3675818707027648,61.758187070276485,True,True,True
12,0.045,0.0015,0.006,0.0029818181818181814,65.0,0.7819191519258898,0.0016662399999999998,0.04456545235126201,0.011341486097606341,0.012916692500051669,0.3452139397880412,0.3694721183856992,61.94721183856992,True,True,True
12,0.045,0.002,0.003,0.0024363636363636362,65.0,0.823561691057948,0.00136144,0.04654532861820325,0.0056707430488031705,0.012916692500051669,0.3305297403915775,0.34911717594043234,59.91171759404323,True,True,True
12,0.045,0.002,0.004,0.0024363636363636362,65.0,0.823561691057948,0.00136144,0.04654532861820325,0.00756099073173756,0.012916692500051669,0.3305297403915775,0.35100742362336673,60.100742362336675,True,True,True
12,0.045,0.002,0.005,0.0024363636363636362,65.0,0.823561691057948,0.00136144,0.04654532861820325,0.00945123841467195,0.012916692500051669,0.3305297403915775,0.3528976713063011,60.28976713063011,True,True,True
12,0.045,0.002,0.006,0.0024363636363636362,65.0,0.823561691057948,0.00136144,0.04654532861820325,0.011341486097606341,0.012916692500051669,0.3305297403915775,0.3547879189892355,60.478791898923554,True,True,True
12,0.05,0.001,0.003,0.0035272727272727274,65.0,0.671743357372989,0.00197104,0.04292051506545741,0.0056707430488031705,0.012916692500051669,0.3584443327661037,0.37703176831495855,62.70317683149585,True,True,True
12,0.05,0.001,0.004,0.0035272727272727274,65.0,0.671743357372989,0.00197104,0.04292051506545741,0.00756099073173756,0.012916692500051669,0.3584443327661037,0.37892201599789294,62.892201599789296,True,True,True
12,0.05,0.001,0.005,0.0035272727272727274,65.0,0.671743357372989,0.00197104,0.04292051506545741,0.00945123841467195,0.012916692500051669,0.3584443327661037,0.3808122636808273,63.08122636808273,True,True,True
12,0.05,0.001,0.006,0.0035272727272727274,65.0,0.671743357372989,0.00197104,0.04292051506545741,0.011341486097606341,0.012916692500051669,0.3584443327661037,0.3827025113637617,63.270251136376174,True,True,True
12,0.05,0.0015,0.003,0.0029818181818181814,65.0,0.7467873748635436,0.0016662399999999998,0.04719039837168162,0.0056707430488031705,0.012916692500051669,0.32601155988222186,0.3445989954310767,59.45989954310767,True,True,True
12,0.05,0.0015,0.004,0.0029818181818181814,65.0,0.7467873748635436,0.0016662399999999998,0.04719039837168162,0.00756099073173756,0.012916692500051669,0.32601155988222186,0.3464892431140111,59.64892431140111,True,True,True
12,0.05,0.0015,0.005,0.0029818181818181814,65.0,0.7467873748635436,0.0016662399999999998,0.04719039837168162,0.00945123841467195,0.012916692500051669,0.32601155988222186,0.34837949079694547,59.837949079694546,True,True,True
12,0.05,0.0015,0.006,0.0029818181818181814,65.0,0.7467873748635436,0.0016662399999999998,0.04719039837168162,0.011341486097606341,0.012916692500051669,0.32601155988222186,0.35026973847987986,60.02697384798799,True,True,True
12,0.05,0.002,0.003,0.0024363636363636362,65.0,0.7930937892739091,0.00136144,0.049708437394137495,0.0056707430488031705,0.012916692500051669,0.30949706309677344,0.3280844986456283,57.808449864562824,True,True,True
12,0.05,0.002,0.004,0.0024363636363636362,65.0,0.7930937892739091,0.00136144,0.049708437394137495,0.00756099073173756,0.012916692500051669,0.30949706309677344,0.32997474632856266,57.99747463285627,True,True,True
12,0.05,0.002,0.005,0.0024363636363636362,65.0,0.7930937892739091,0.00136144,0.049708437394137495,0.00945123841467195,0.012916692500051669,0.30949706309677344,0.33186499401149705,58.1864994011497,True,True,True
12,0.05,0.002,0.006,0.0024363636363636362,65.0,0.7930937892739091,0.00136144,0.049708437394137495,0.011341486097606341,0.012916692500051669,0.30949706309677344,0.33375524169443144,58.375524169443146,True,True,True
13,0.03,0.0015,0.003,0.0026083333333333327,65.0,0.8850897777499326,0.00159004,0.036660837353563326,0.0056707430488031705,0.012916692500051669,0.41964713561350353,0.43823457116235837,68.82345711623583,True,True,True
13,0.03,0.0015,0.004,0.0026083333333333327,65.0,0.8850897777499326,0.00159004,0.036660837353563326,0.00756099073173756,0.012916692500051669,0.41964713561350353,0.44012481884529275,69.01248188452928,True,True,True
13,0.03,0.0015,0.005,0.0026083333333333327,65.0,0.8850897777499326,0.00159004,0.036660837353563326,0.00945123841467195,0.012916692500051669,0.41964713561350353,0.44201506652822714,69.20150665282272,True,True,True
13,0.03,0.0015,0.006,0.0026083333333333327,65.0,0.8850897777499326,0.00159004,0.036660837353563326,0.011341486097606341,0.012916692500051669,0.41964713561350353,0.44390531421116153,69.39053142111615,True,True,True
13,0.03,0.002,0.003,0.0020666666666666663,65.0,0.9094514203812132,0.00125984,0.03729594308118519,0.0056707430488031705,0.012916692500051669,0.4125010420336177,0.43108847758247254,68.10884775824725,True,True,True
13,0.03,0.002,0.004,0.0020666666666666663,65.0,0.9094514203812132,0.00125984,0.03729594308118519,0.00756099073173756,0.012916692500051669,0.4125010420336177,0.4329787252654069,68.29787252654069,True,True,True
13,0.03,0.002,0.005,0.0020666666666666663,65.0,0.9094514203812132,0.00125984,0.03729594308118519,0.00945123841467195,0.012916692500051669,0.4125010420336177,0.4348689729483413,68.48689729483414,True,True,True
13,0.03,0.002,0.006,0.0020666666666666663,65.0,0.9094514203812132,0.00125984,0.03729594308118519,0.011341486097606341,0.012916692500051669,0.4125010420336177,0.4367592206312757,68.67592206312757,True,True,True
13,0.035,0.001,0.003,0.00315,65.0,0.7979562629595071,0.00192024,0.03880816212409209,0.0056707430488031705,0.012916692500051669,0.39642731174493373,0.41501474729378857,66.50147472937886,True,True,True
13,0.035,0.001,0.004,0.00315,65.0,0.7979562629595071,0.00192024,0.03880816212409209,0.00756099073173756,0.012916692500051669,0.39642731174493373,0.41690499497672295,66.69049949767229,True,True,True
13,0.035,0.001,0.005,0.00315,65.0,0.7979562629595071,0.00192024,0.03880816212409209,0.00945123841467195,0.012916692500051669,0.39642731174493373,0.41879524265965734,66.87952426596573,True,True,True
13,0.035,0.001,0.006,0.00315,65.0,0.7979562629595071,0.00192024,0.03880816212409209,0.011341486097606341,0.012916692500051669,0.39642731174493373,0.42068549034259173,67.06854903425918,True,True,True
13,0.035,0.0015,0.003,0.0026083333333333327,65.0,0.8518355920853805,0.00159004,0.040968695750922976,0.0056707430488031705,0.012916692500051669,0.3755212389027246,0.39410867445157943,64.41086744515795,True,True,True
13,0.035,0.0015,0.004,0.0026083333333333327,65.0,0.8518355920853805,0.00159004,0.040968695750922976,0.00756099073173756,0.012916692500051669,0.3755212389027246,0.3959989221345138,64.59989221345138,True,True,True
13,0.035,0.0015,0.005,0.0026083333333333327,65.0,0.8518355920853805,0.00159004,0.040968695750922976,0.00945123841467195,0.012916692500051669,0.3755212389027246,0.3978891698174482,64.78891698174482,True,True,True
13,0.035,0.0015,0.006,0.0026083333333333327,65.0,0.8518355920853805,0.00159004,0.040968695750922976,0.011341486097606341,0.012916692500051669,0.3755212389027246,0.3997794175003826,64.97794175003827,True,True,True
13,0.035,0.002,0.003,0.0020666666666666663,65.0,0.8823289044669683,0.00125984,0.042048140595699016,0.0056707430488031705,0.012916692500051669,0.3658809918027394,0.38446842735159426,63.44684273515943,True,True,True
13,0.035,0.002,0.004,0.0020666666666666663,65.0,0.8823289044669683,0.00125984,0.042048140595699016,0.00756099073173756,0.012916692500051669,0.3658809918027394,0.38635867503452864,63.635867503452864,True,True,True
13,0.035,0.002,0.005,0.0020666666666666663,65.0,0.8823289044669683,0.00125984,0.042048140595699016,0.00945123841467195,0.012916692500051669,0.3658809918027394,0.38824892271746303,63.8248922717463,True,True,True
13,0.035,0.002,0.006,0.0020666666666666663,65.0,0.8823289044669683,0.00125984,0.042048140595699016,0.011341486097606341,0.012916692500051669,0.3658809918027394,0.3901391704003974,64.01391704003974,True,True,True
13,0.04,0.001,0.003,0.00315,65.0,0.7548114374884926,0.00192024,0.04179843786539203,0.0056707430488031705,0.012916692500051669,0.3680667548906996,0.38665419043955446,63.665419043955445,True,True,True
13,0.04,0.001,0.004,0.00315,65.0,0.7548114374884926,0.00192024,0.04179843786539203,0.00756099073173756,0.012916692500051669,0.3680667548906996,0.38854443812248884,63.85444381224888,True,True,True
13,0.04,0.001,0.005,0.00315,65.0,0.7548114374884926,0.00192024,0.04179843786539203,0.00945123841467195,0.012916692500051669,0.3680667548906996,0.39043468580542323,64.04346858054232,True,True,True
13,0.04,0.001,0.006,0.00315,65.0,0.7548114374884926,0.00192024,0.04179843786539203,0.011341486097606341,0.012916692500051669,0.3680667548906996,0.3923249334883576,64.23249334883576,True,True,True
13,0.04,0.0015,0.003,0.0026083333333333327,65.0,0.8171663578956474,0.00159004,0.04476257302034284,0.0056707430488031705,0.012916692500051669,0.34369372327242403,0.36228115882127887,61.22811588212789,True,True,True
13,0.04,0.0015,0.004,0.0026083333333333327,65.0,0.8171663578956474,0.00159004,0.04476257302034284,0.00756099073173756,0.012916692500051669,0.34369372327242403,0.36417140650421326,61.417140650421324,True,True,True
13,0.04,0.0015,0.005,0.0026083333333333327,65.0,0.8171663578956474,0.00159004,0.04476257302034284,0.00945123841467195,0.012916692500051669,0.34369372327242403,0.36606165418714764,61.60616541871477,True,True,True
13,0.04,0.0015,0.006,0.0026083333333333327,65.0,0.8171663578956474,0.00159004,0.04476257302034284,0.011341486097606341,0.012916692500051669,0.34369372327242403,0.36795190187008203,61.7951901870082,True,True,True
13,0.04,0.002,0.003,0.0020666666666666663,65.0,0.8534914981291505,0.00125984,0.04635150282915927,0.0056707430488031705,0.012916692500051669,0.3319119002747215,0.35049933582357634,60.04993358235763,True,True,True
13,0.04,0.002,0.004,0.0020666666666666663,65.0,0.8534914981291505,0.00125984,0.04635150282915927,0.00756099073173756,0.012916692500051669,0.3319119002747215,0.35238958350651073,60.238958350651075,True,True,True
13,0.04,0.002,0.005,0.0020666666666666663,65.0,0.8534914981291505,0.00125984,0.04635150282915927,0.00945123841467195,0.012916692500051669,0.3319119002747215,0.3542798311894451,60.42798311894451,True,True,True
13,0.04,0.002,0.006,0.0020666666666666663,65.0,0.8534914981291505,0.00125984,0.04635150282915927,0.011341486097606341,0.012916692500051669,0.3319119002747215,0.3561700788723795,60.61700788723795,True,True,True
13,0.045,0.001,0.003,0.00315,65.0,0.7124808841793205,0.00192024,0.04426725383208209,0.0056707430488031705,0.012916692500051669,0.347539412383101,0.3661268479319558,61.612684793195584,True,True,True
13,0.045,0.001,0.004,0.00315,65.0,0.7124808841793205,0.00192024,0.04426725383208209,0.00756099073173756,0.012916692500051669,0.347539412383101,0.3680170956148902,61.80170956148902,True,True,True
13,0.045,0.001,0.005,0.00315,65.0,0.7124808841793205,0.00192024,0.04426725383208209,0.00945123841467195,0.012916692500051669,0.347539412383101,0.3699073432978246,61.99073432978246,True,True,True
13,0.045,0.001,0.006,0.00315,65.0,0.7124808841793205,0.00192024,0.04426725383208209,0.011341486097606341,0.012916692500051669,0.347539412383101,0.371797590980759,62.1797590980759,True,True,True
13,0.045,0.0015,0.003,0.0026083333333333327,65.0,0.7819191519258898,0.00159004,0.04806418671386718,0.0056707430488031705,0.012916692500051669,0.3200847956962665,0.33867223124512136,58.86722312451214,True,True,True
13,0.045,0.0015,0.004,0.0026083333333333327,65.0,0.7819191519258898,0.00159004,0.04806418671386718,0.00756099073173756,0.012916692500051669,0.3200847956962665,0.34056247892805575,59.05624789280557,True,True,True
13,0.045,0.0015,0.005,0.0026083333333333327,65.0,0.7819191519258898,0.00159004,0.04806418671386718,0.00945123841467195,0.012916692500051669,0.3200847956962665,0.34245272661099013,59.245272661099015,True,True,True
13,0.045,0.0015,0.006,0.0026083333333333327,65.0,0.7819191519258898,0.00159004,0.04806418671386718,0.011341486097606341,0.012916692500051669,0.3200847956962665,0.3443429742939245,59.43429742939245,True,True,True
13,0.045,0.002,0.003,0.0020666666666666663,65.0,0.823561691057948,0.00125984,0.05020905266972019,0.0056707430488031705,0.012916692500051669,0.3064111861623204,0.3249986217111752,57.49986217111752,True,True,True
13,0.045,0.002,0.004,0.0020666666666666663,65.0,0.823561691057948,0.00125984,0.05020905266972019,0.00756099073173756,0.012916692500051669,0.3064111861623204,0.3268888693941096,57.68888693941096,True,True,True
13,0.045,0.002,0.005,0.0020666666666666663,65.0,0.823561691057948,0.00125984,0.05020905266972019,0.00945123841467195,0.012916692500051669,0.3064111861623204,0.328779117077044,57.8779117077044,True,True,True
13,0.045,0.002,0.006,0.0020666666666666663,65.0,0.823561691057948,0.00125984,0.05020905266972019,0.011341486097606341,0.012916692500051669,0.3064111861623204,0.3306693647599784,58.066936475997835,True,True,True
13,0.05,0.001,0.003,0.00315,65.0,0.671743357372989,0.00192024,0.04628217132091219,0.0056707430488031705,0.012916692500051669,0.33240911015045616,0.350996545699311,60.0996545699311,True,True,True
13,0.05,0.001,0.004,0.00315,65.0,0.671743357372989,0.00192024,0.04628217132091219,0.00756099073173756,0.012916692500051669,0.33240911015045616,0.3528867933822454,60.28867933822454,True,True,True
13,0.05,0.001,0.005,0.00315,65.0,0.671743357372989,0.00192024,0.04628217132091219,0.00945123841467195,0.012916692500051669,0.33240911015045616,0.35477704106517977,60.477704106517976,True,True,True
13,0.05,0.001,0.006,0.00315,65.0,0.671743357372989,0.00192024,0.04628217132091219,0.011341486097606341,0.012916692500051669,0.33240911015045616,0.35666728874811415,60.66672887481141,True,True,True
13,0.05,0.0015,0.003,0.0026083333333333327,65.0,0.7467873748635436,0.00159004,0.05090787823598842,0.0056707430488031705,0.012916692500051669,0.3022050008310797,0.32079243637993454,57.07924363799346,True,True,True
13,0.05,0.0015,0.004,0.0026083333333333327,65.0,0.7467873748635436,0.00159004,0.05090787823598842,0.00756099073173756,0.012916692500051669,0.3022050008310797,0.32268268406286893,57.26826840628689,True,True,True
13,0.05,0.0015,0.005,0.0026083333333333327,65.0,0.7467873748635436,0.00159004,0.05090787823598842,0.00945123841467195,0.012916692500051669,0.3022050008310797,0.3245729317458033,57.45729317458033,True,True,True
13,0.05,0.0015,0.006,0.0026083333333333327,65.0,0.7467873748635436,0.00159004,0.05090787823598842,0.011341486097606341,0.012916692500051669,0.3022050008310797,0.3264631794287377,57.64631794287377,True,True,True
13,0.05,0.002,0.003,0.0020666666666666663,65.0,0.7930937892739091,0.00125984,0.05363575384364895,0.0056707430488031705,0.012916692500051669,0.28683507328828356,0.3054225088371384,55.54225088371384,True,True,True
13,0.05,0.002,0.004,0.0020666666666666663,65.0,0.7930937892739091,0.00125984,0.05363575384364895,0.00756099073173756,0.012916692500051669,0.28683507328828356,0.3073127565200728,55.73127565200728,True,True,True
13,0.05,0.002,0.005,0.0020666666666666663,65.0,0.7930937892739091,0.00125984,0.05363575384364895,0.00945123841467195,0.012916692500051669,0.28683507328828356,0.30920300420300717,55.92030042030072,True,True,True
13,0.05,0.002,0.006,0.0020666666666666663,65.0,0.7930937892739091,0.00125984,0.05363575384364895,0.011341486097606341,0.012916692500051669,0.28683507328828356,0.31109325188594156,56.109325188594156,True,True,True
14,0.03,0.001,0.003,0.002830769230769231,65.0,0.8408200080996091,0.00186944,0.03774891138562652,0.0056707430488031705,0.012916692500051669,0.40755123313233643,0.42613866868119127,67.61386686811912,True,True,True
14,0.03,0.001,0.004,0.002830769230769231,65.0,0.8408200080996091,0.00186944,0.03774891138562652,0.00756099073173756,0.012916692500051669,0.40755123313233643,0.42802891636412566,67.80289163641257,True,True,True
14,0.03,0.001,0.005,0.002830769230769231,65.0,0.8408200080996091,0.00186944,0.03774891138562652,0.00945123841467195,0.012916692500051669,0.40755123313233643,0.42991916404706004,67.991916404706,True,True,True
14,0.03,0.001,0.006,0.002830769230769231,65.0,0.8408200080996091,0.00186944,0.03774891138562652,0.011341486097606341,0.012916692500051669,0.40755123313233643,0.43180941172999443,68.18094117299944,True,True,True
14,0.03,0.0015,0.003,0.002292307692307692,65.0,0.8850897777499326,0.0015138399999999998,0.039282390996145125,0.0056707430488031705,0.012916692500051669,0.3916415216712525,0.4102289572201073,66.02289572201073,True,True,True
14,0.03,0.0015,0.004,0.002292307692307692,65.0,0.8850897777499326,0.0015138399999999998,0.039282390996145125,0.00756099073173756,0.012916692500051669,0.3916415216712525,0.4121192049030417,66.21192049030418,True,True,True
14,0.03,0.0015,0.005,0.002292307692307692,65.0,0.8850897777499326,0.0015138399999999998,0.039282390996145125,0.00945123841467195,0.012916692500051669,0.3916415216712525,0.4140094525859761,66.4009452585976,True,True,True
14,0.03,0.0015,0.006,0.002292307692307692,65.0,0.8850897777499326,0.0015138399999999998,0.039282390996145125,0.011341486097606341,0.012916692500051669,0.3916415216712525,0.4158997002689105,66.58997002689105,True,True,True
14,0.035,0.001,0.003,0.002830769230769231,65.0,0.7979562629595071,0.00186944,0.0415948945951761,0.0056707430488031705,0.012916692500051669,0.3698678776409158,0.3884553131897706,63.84553131897706,True,True,True
14,0.035,0.001,0.004,0.002830769230769231,65.0,0.7979562629595071,0.00186944,0.0415948945951761,0.00756099073173756,0.012916692500051669,0.3698678776409158,0.390345560872705,64.0345560872705,True,True,True
14,0.035,0.001,0.005,0.002830769230769231,65.0,0.7979562629595071,0.00186944,0.0415948945951761,0.00945123841467195,0.012916692500051669,0.3698678776409158,0.3922358085556394,64.22358085556394,True,True,True
14,0.035,0.001,0.006,0.002830769230769231,65.0,0.7979562629595071,0.00186944,0.0415948945951761,0.011341486097606341,0.012916692500051669,0.3698678776409158,0.3941260562385738,64.41260562385737,True,True,True
14,0.035,0.0015,0.003,0.002292307692307692,65.0,0.8518355920853805,0.0015138399999999998,0.04392162311637859,0.0056707430488031705,0.012916692500051669,0.3502742907257994,0.36886172627465424,61.88617262746543,True,True,True
14,0.035,0.0015,0.004,0.002292307692307692,65.0,0.8518355920853805,0.0015138399999999998,0.04392162311637859,0.00756099073173756,0.012916692500051669,0.3502742907257994,0.37075197395758863,62.07519739575886,True,True,True
14,0.035,0.0015,0.005,0.002292307692307692,65.0,0.8518355920853805,0.0015138399999999998,0.04392162311637859,0.00945123841467195,0.012916692500051669,0.3502742907257994,0.372642221640523,62.2642221640523,True,True,True
14,0.035,0.0015,0.006,0.002292307692307692,65.0,0.8518355920853805,0.0015138399999999998,0.04392162311637859,0.011341486097606341,0.012916692500051669,0.3502742907257994,0.3745324693234574,62.45324693234574,True,True,True
14,0.04,0.001,0.003,0.002830769230769231,65.0,0.7548114374884926,0.00186944,0.04481519154734527,0.0056707430488031705,0.012916692500051669,0.3432901847214514,0.36187762027030623,61.18776202703062,True,True,True
14,0.04,0.001,0.004,0.002830769230769231,65.0,0.7548114374884926,0.00186944,0.04481519154734527,0.00756099073173756,0.012916692500051669,0.3432901847214514,0.3637678679532406,61.376786795324065,True,True,True
14,0.04,0.001,0.005,0.002830769230769231,65.0,0.7548114374884926,0.00186944,0.04481519154734527,0.00945123841467195,0.012916692500051669,0.3432901847214514,0.365658115636175,61.5658115636175,True,True,True
14,0.04,0.001,0.006,0.002830769230769231,65.0,0.7548114374884926,0.00186944,0.04481519154734527,0.011341486097606341,0.012916692500051669,0.3432901847214514,0.3675483633191094,61.75483633191094,True,True,True
14,0.04,0.0015,0.003,0.002292307692307692,65.0,0.8171663578956474,0.0015138399999999998,0.04800733709883076,0.0056707430488031705,0.012916692500051669,0.32046383562045316,0.339051271169308,58.9051271169308,True,True,True
14,0.04,0.0015,0.004,0.002292307692307692,65.0,0.8171663578956474,0.0015138399999999998,0.04800733709883076,0.00756099073173756,0.012916692500051669,0.32046383562045316,0.3409415188522424,59.094151885224235,True,True,True
14,0.04,0.0015,0.005,0.002292307692307692,65.0,0.8171663578956474,0.0015138399999999998,0.04800733709883076,0.00945123841467195,0.012916692500051669,0.32046383562045316,0.3428317665351768,59.28317665351768,True,True,True
14,0.04,0.0015,0.006,0.002292307692307692,65.0,0.8171663578956474,0.0015138399999999998,0.04800733709883076,0.011341486097606341,0.012916692500051669,0.32046383562045316,0.34472201421811116,59.472201421811114,True,True,True
14,0.045,0.001,0.003,0.002830769230769231,65.0,0.7124808841793205,0.00186944,0.04747391643454994,0.0056707430488031705,0.012916692500051669,0.3240645925184081,0.3426520280672629,59.26520280672629,True,True,True
14,0.045,0.001,0.004,0.002830769230769231,65.0,0.7124808841793205,0.00186944,0.04747391643454994,0.00756099073173756,0.012916692500051669,0.3240645925184081,0.3445422757501973,59.45422757501973,True,True,True
14,0.045,0.001,0.005,0.002830769230769231,65.0,0.7124808841793205,0.00186944,0.04747391643454994,0.00945123841467195,0.012916692500051669,0.3240645925184081,0.3464325234331317,59.64325234331317,True,True,True
14,0.045,0.001,0.006,0.002830769230769231,65.0,0.7124808841793205,0.00186944,0.04747391643454994,0.011341486097606341,0.012916692500051669,0.3240645925184081,0.3483227711160661,59.83227711160661,True,True,True
14,0.045,0.0015,0.003,0.002292307692307692,65.0,0.7819191519258898,0.0015138399999999998,0.051562921076472354,0.0056707430488031705,0.012916692500051669,0.29836586181373714,0.316953297362592,56.6953297362592,True,True,True
14,0.045,0.0015,0.004,0.002292307692307692,65.0,0.7819191519258898,0.0015138399999999998,0.051562921076472354,0.00756099073173756,0.012916692500051669,0.29836586181373714,0.31884354504552637,56.88435450455263,True,True,True
14,0.045,0.0015,0.005,0.002292307692307692,65.0,0.7819191519258898,0.0015138399999999998,0.051562921076472354,0.00945123841467195,0.012916692500051669,0.29836586181373714,0.32073379272846075,57.073379272846076,True,True,True
14,0.045,0.0015,0.006,0.002292307692307692,65.0,0.7819191519258898,0.0015138399999999998,0.051562921076472354,0.011341486097606341,0.012916692500051669,0.29836586181373714,0.32262404041139514,57.26240404113951,True,True,True
14,0.05,0.001,0.003,0.002830769230769231,65.0,0.671743357372989,0.00186944,0.049643827576366976,0.0056707430488031705,0.012916692500051669,0.30989986340092873,0.32848729894978357,57.848729894978355,True,True,True
14,0.05,0.001,0.004,0.002830769230769231,65.0,0.671743357372989,0.00186944,0.049643827576366976,0.00756099073173756,0.012916692500051669,0.30989986340092873,0.33037754663271796,58.0377546632718,True,True,True
14,0.05,0.001,0.005,0.002830769230769231,65.0,0.671743357372989,0.00186944,0.049643827576366976,0.00945123841467195,0.012916692500051669,0.30989986340092873,0.33226779431565234,58.226779431565234,True,True,True
14,0.05,0.001,0.006,0.002830769230769231,65.0,0.671743357372989,0.00186944,0.049643827576366976,0.011341486097606341,0.012916692500051669,0.30989986340092873,0.33415804199858673,58.41580419985867,True,True,True
14,0.05,0.0015,0.003,0.002292307692307692,65.0,0.7467873748635436,0.0015138399999999998,0.05462535810029523,0.0056707430488031705,0.012916692500051669,0.28163870992604506,0.3002261454748999,55.022614547489994,True,True,True
14,0.05,0.0015,0.004,0.002292307692307692,65.0,0.7467873748635436,0.0015138399999999998,0.05462535810029523,0.00756099073173756,0.012916692500051669,0.28163870992604506,0.3021163931578343,55.21163931578343,True,True,True
14,0.05,0.0015,0.005,0.002292307692307692,65.0,0.7467873748635436,0.0015138399999999998,0.05462535810029523,0.00945123841467195,0.012916692500051669,0.28163870992604506,0.30400664084076867,55.400664084076865,True,True,True
14,0.05,0.0015,0.006,0.002292307692307692,65.0,0.7467873748635436,0.0015138399999999998,0.05462535810029523,0.011341486097606341,0.012916692500051669,0.28163870992604506,0.30589688852370306,55.5896888523703,True,True,True
15,0.025,0.0015,0.003,0.002021428571428571,65.0,0.9159699652839537,0.00143764,0.03633609567731864,0.0056707430488031705,0.012916692500051669,0.423397591233739,0.4419850267825938,69.19850267825939,True,True,True
15,0.025,0.0015,0.004,0.002021428571428571,65.0,0.9159699652839537,0.00143764,0.03633609567731864,0.00756099073173756,0.012916692500051669,0.423397591233739,0.4438752744655282,69.38752744655282,True,True,True
15,0.025,0.0015,0.005,0.002021428571428571,65.0,0.9159699652839537,0.00143764,0.03633609567731864,0.00945123841467195,0.012916692500051669,0.423397591233739,0.4457655221484626,69.57655221484626,True,True,True
15,0.025,0.0015,0.006,0.002021428571428571,65.0,0.9159699652839537,0.00143764,0.03633609567731864,0.011341486097606341,0.012916692500051669,0.423397591233739,0.447655769831397,69.7655769831397,True,True,True
15,0.03,0.001,0.003,0.0025571428571428572,65.0,0.8408200080996091,0.0018186399999999998,0.04026093077031413,0.0056707430488031705,0.012916692500051669,0.38212269538385907,0.4007101309327139,65.07101309327139,True,True,True
15,0.03,0.001,0.004,0.0025571428571428572,65.0,0.8408200080996091,0.0018186399999999998,0.04026093077031413,0.00756099073173756,0.012916692500051669,0.38212269538385907,0.4026003786156483,65.26003786156483,True,True,True
15,0.03,0.001,0.005,0.0025571428571428572,65.0,0.8408200080996091,0.0018186399999999998,0.04026093077031413,0.00945123841467195,0.012916692500051669,0.38212269538385907,0.4044906262985827,65.44906262985828,True,True,True
15,0.03,0.001,0.006,0.0025571428571428572,65.0,0.8408200080996091,0.0018186399999999998,0.04026093077031413,0.011341486097606341,0.012916692500051669,0.38212269538385907,0.40638087398151707,65.6380873981517,True,True,True
15,0.03,0.0015,0.003,0.002021428571428571,65.0,0.8850897777499326,0.00143764,0.04190394463872691,0.0056707430488031705,0.012916692500051669,0.36714002744259994,0.3857274629914548,63.57274629914548,True,True,True
15,0.03,0.0015,0.004,0.002021428571428571,65.0,0.8850897777499326,0.00143764,0.04190394463872691,0.00756099073173756,0.012916692500051669,0.36714002744259994,0.38761771067438916,63.761771067438914,True,True,True
15,0.03,0.0015,0.005,0.002021428571428571,65.0,0.8850897777499326,0.00143764,0.04190394463872691,0.00945123841467195,0.012916692500051669,0.36714002744259994,0.38950795835732355,63.95079583573236,True,True,True
15,0.03,0.0015,0.006,0.002021428571428571,65.0,0.8850897777499326,0.00143764,0.04190394463872691,0.011341486097606341,0.012916692500051669,0.36714002744259994,0.39139820604025793,64.1398206040258,True,True,True
15,0.035,0.001,0.003,0.0025571428571428572,65.0,0.7979562629595071,0.0018186399999999998,0.0443816270662601,0.0056707430488031705,0.012916692500051669,0.34664378936911733,0.36523122491797216,61.52312249179722,True,True,True
15,0.035,0.001,0.004,0.0025571428571428572,65.0,0.7979562629595071,0.0018186399999999998,0.0443816270662601,0.00756099073173756,0.012916692500051669,0.34664378936911733,0.36712147260090655,61.71214726009065,True,True,True
15,0.035,0.001,0.005,0.0025571428571428572,65.0,0.7979562629595071,0.0018186399999999998,0.0443816270662601,0.00945123841467195,0.012916692500051669,0.34664378936911733,0.36901172028384094,61.901172028384096,True,True,True
15,0.035,0.001,0.006,0.0025571428571428572,65.0,0.7979562629595071,0.0018186399999999998,0.0443816270662601,0.011341486097606341,0.012916692500051669,0.34664378936911733,0.3709019679667753,62.09019679667753,True,True,True
15,0.035,0.0015,0.003,0.002021428571428571,65.0,0.8518355920853805,0.00143764,0.04687455048183419,0.0056707430488031705,0.012916692500051669,0.3282082756308789,0.34679571117973373,59.679571117973374,True,True,True
15,0.035,0.0015,0.004,0.002021428571428571,65.0,0.8518355920853805,0.00143764,0.04687455048183419,0.00756099073173756,0.012916692500051669,0.3282082756308789,0.3486859588626681,59.86859588626681,True,True,True
15,0.035,0.0015,0.005,0.002021428571428571,65.0,0.8518355920853805,0.00143764,0.04687455048183419,0.00945123841467195,0.012916692500051669,0.3282082756308789,0.3505762065456025,60.05762065456025,True,True,True
15,0.035,0.0015,0.006,0.002021428571428571,65.0,0.8518355920853805,0.00143764,0.04687455048183419,0.011341486097606341,0.012916692500051669,0.3282082756308789,0.3524664542285369,60.24664542285369,True,True,True
15,0.04,0.001,0.003,0.0025571428571428572,65.0,0.7548114374884926,0.0018186399999999998,0.04783194522929851,0.0056707430488031705,0.012916692500051669,0.32163892375407394,0.34022635930292877,59.02263593029288,True,True,True
15,0.04,0.001,0.004,0.0025571428571428572,65.0,0.7548114374884926,0.0018186399999999998,0.04783194522929851,0.00756099073173756,0.012916692500051669,0.32163892375407394,0.34211660698586316,59.211660698586314,True,True,True
15,0.04,0.001,0.005,0.0025571428571428572,65.0,0.7548114374884926,0.0018186399999999998,0.04783194522929851,0.00945123841467195,0.012916692500051669,0.32163892375407394,0.34400685466879755,59.40068546687976,True,True,True
15,0.04,0.001,0.006,0.0025571428571428572,65.0,0.7548114374884926,0.0018186399999999998,0.04783194522929851,0.011341486097606341,0.012916692500051669,0.32163892375407394,0.34589710235173193,59.58971023517319,True,True,True
15,0.04,0.0015,0.003,0.002021428571428571,65.0,0.8171663578956474,0.00143764,0.05125210117731866,0.0056707430488031705,0.012916692500051669,0.3001753104987579,0.31876274604761273,56.87627460476128,True,True,True
15,0.04,0.0015,0.004,0.002021428571428571,65.0,0.8171663578956474,0.00143764,0.05125210117731866,0.00756099073173756,0.012916692500051669,0.3001753104987579,0.3206529937305471,57.065299373054714,True,True,True
15,0.04,0.0015,0.005,0.002021428571428571,65.0,0.8171663578956474,0.00143764,0.05125210117731866,0.00945123841467195,0.012916692500051669,0.3001753104987579,0.3225432414134815,57.25432414134815,True,True,True
15,0.04,0.0015,0.006,0.002021428571428571,65.0,0.8171663578956474,0.00143764,0.05125210117731866,0.011341486097606341,0.012916692500051669,0.3001753104987579,0.3244334890964159,57.44334890964159,True,True,True
15,0.045,0.001,0.003,0.0025571428571428572,65.0,0.7124808841793205,0.0018186399999999998,0.05068057903701781,0.0056707430488031705,0.012916692500051669,0.30356037119027873,0.32214780673913357,57.21478067391336,True,True,True
15,0.045,0.001,0.004,0.0025571428571428572,65.0,0.7124808841793205,0.0018186399999999998,0.05068057903701781,0.00756099073173756,0.012916692500051669,0.30356037119027873,0.32403805442206796,57.403805442206796,True,True,True
15,0.045,0.001,0.005,0.0025571428571428572,65.0,0.7124808841793205,0.0018186399999999998,0.05068057903701781,0.00945123841467195,0.012916692500051669,0.30356037119027873,0.32592830210500234,57.59283021050023,True,True,True
15,0.045,0.001,0.006,0.0025571428571428572,65.0,0.7124808841793205,0.0018186399999999998,0.05068057903701781,0.011341486097606341,0.012916692500051669,0.30356037119027873,0.32781854978793673,57.781854978793675,True,True,True
15,0.045,0.0015,0.003,0.002021428571428571,65.0,0.7819191519258898,0.00143764,0.05506165543907752,0.0056707430488031705,0.012916692500051669,0.2794070621730136,0.2979944977218684,54.79944977218685,True,True,True
15,0.045,0.0015,0.004,0.002021428571428571,65.0,0.7819191519258898,0.00143764,0.05506165543907752,0.00756099073173756,0.012916692500051669,0.2794070621730136,0.2998847454048028,54.98847454048028,True,True,True
15,0.045,0.0015,0.005,0.002021428571428571,65.0,0.7819191519258898,0.00143764,0.05506165543907752,0.00945123841467195,0.012916692500051669,0.2794070621730136,0.3017749930877372,55.17749930877372,True,True,True
15,0.045,0.0015,0.006,0.002021428571428571,65.0,0.7819191519258898,0.00143764,0.05506165543907752,0.011341486097606341,0.012916692500051669,0.2794070621730136,0.3036652407706716,55.366524077067155,True,True,True
15,0.05,0.001,0.003,0.0025571428571428572,65.0,0.671743357372989,0.0018186399999999998,0.053005483831821756,0.0056707430488031705,0.012916692500051669,0.2902457306762523,0.30883316622510715,55.88331662251072,True,True,True
15,0.05,0.001,0.004,0.0025571428571428572,65.0,0.671743357372989,0.0018186399999999998,0.053005483831821756,0.00756099073173756,0.012916692500051669,0.2902457306762523,0.31072341390804153,56.072341390804155,True,True,True
15,0.05,0.001,0.005,0.0025571428571428572,65.0,0.671743357372989,0.0018186399999999998,0.053005483831821756,0.00945123841467195,0.012916692500051669,0.2902457306762523,0.3126136615909759,56.26136615909759,True,True,True
15,0.05,0.001,0.006,0.0025571428571428572,65.0,0.671743357372989,0.0018186399999999998,0.053005483831821756,0.011341486097606341,0.012916692500051669,0.2902457306762523,0.3145039092739103,56.45039092739103,True,True,True
15,0.05,0.0015,0.003,0.002021428571428571,65.0,0.7467873748635436,0.00143764,0.058342837964602025,0.0056707430488031705,0.012916692500051669,0.26369329846363654,0.2822807340124914,53.228073401249134,True,True,True
15,0.05,0.0015,0.004,0.002021428571428571,65.0,0.7467873748635436,0.00143764,0.058342837964602025,0.00756099073173756,0.012916692500051669,0.26369329846363654,0.28417098169542576,53.41709816954258,True,True,True
15,0.05,0.0015,0.005,0.002021428571428571,65.0,0.7467873748635436,0.00143764,0.058342837964602025,0.00945123841467195,0.012916692500051669,0.26369329846363654,0.28606122937836015,53.60612293783602,True,True,True
15,0.05,0.0015,0.006,0.002021428571428571,65.0,0.7467873748635436,0.00143764,0.058342837964602025,0.011341486097606341,0.012916692500051669,0.26369329846363654,0.28795147706129454,53.795147706129455,True,True,True
16,0.025,0.001,0.003,0.00232,65.0,0.8819779692405005,0.00176784,0.037611424669933946,0.0056707430488031705,0.012916692500051669,0.4090410166492213,0.42762845219807616,67.76284521980762,True,True,True
16,0.025,0.001,0.004,0.00232,65.0,0.8819779692405005,0.00176784,0.037611424669933946,0.00756099073173756,0.012916692500051669,0.4090410166492213,0.42951869988101055,67.95186998810105,True,True,True
16,0.025,0.001,0.005,0.00232,65.0,0.8819779692405005,0.00176784,0.037611424669933946,0.00945123841467195,0.012916692500051669,0.4090410166492213,0.43140894756394493,68.14089475639449,True,True,True
16,0.025,0.001,0.006,0.00232,65.0,0.8819779692405005,0.00176784,0.037611424669933946,0.011341486097606341,0.012916692500051669,0.4090410166492213,0.4332991952468793,68.32991952468794,True,True,True
16,0.03,0.001,0.003,0.00232,65.0,0.8408200080996091,0.00176784,0.04277295015500174,0.0056707430488031705,0.012916692500051669,0.3596809509015444,0.37826838645039923,62.82683864503992,True,True,True
16,0.03,0.001,0.004,0.00232,65.0,0.8408200080996091,0.00176784,0.04277295015500174,0.00756099073173756,0.012916692500051669,0.3596809509015444,0.3801586341333336,63.01586341333336,True,True,True
16,0.03,0.001,0.005,0.00232,65.0,0.8408200080996091,0.00176784,0.04277295015500174,0.00945123841467195,0.012916692500051669,0.3596809509015444,0.382048881816268,63.2048881816268,True,True,True
16,0.03,0.001,0.006,0.00232,65.0,0.8408200080996091,0.00176784,0.04277295015500174,0.011341486097606341,0.012916692500051669,0.3596809509015444,0.3839391294992024,63.39391294992024,True,True,True
16,0.035,0.001,0.003,0.00232,65.0,0.7979562629595071,0.00176784,0.047168359537344114,0.0056707430488031705,0.012916692500051669,0.3261638847633674,0.3447513203122222,59.47513203122222,True,True,True
16,0.035,0.001,0.004,0.00232,65.0,0.7979562629595071,0.00176784,0.047168359537344114,0.00756099073173756,0.012916692500051669,0.3261638847633674,0.3466415679951566,59.66415679951566,True,True,True
16,0.035,0.001,0.005,0.00232,65.0,0.7979562629595071,0.00176784,0.047168359537344114,0.00945123841467195,0.012916692500051669,0.3261638847633674,0.348531815678091,59.8531815678091,True,True,True
16,0.035,0.001,0.006,0.00232,65.0,0.7979562629595071,0.00176784,0.047168359537344114,0.011341486097606341,0.012916692500051669,0.3261638847633674,0.3504220633610254,60.04220633610254,True,True,True
16,0.04,0.001,0.003,0.00232,65.0,0.7548114374884926,0.00176784,0.05084869891125174,0.0056707430488031705,0.012916692500051669,0.3025567165733536,0.3211441521222084,57.11441521222084,True,True,True
16,0.04,0.001,0.004,0.00232,65.0,0.7548114374884926,0.00176784,0.05084869891125174,0.00756099073173756,0.012916692500051669,0.3025567165733536,0.3230343998051428,57.303439980514284,True,True,True
16,0.04,0.001,0.005,0.00232,65.0,0.7548114374884926,0.00176784,0.05084869891125174,0.00945123841467195,0.012916692500051669,0.3025567165733536,0.3249246474880772,57.49246474880772,True,True,True
16,0.04,0.001,0.006,0.00232,65.0,0.7548114374884926,0.00176784,0.05084869891125174,0.011341486097606341,0.012916692500051669,0.3025567165733536,0.3268148951710116,57.681489517101156,True,True,True
16,0.045,0.001,0.003,0.00232,65.0,0.7124808841793205,0.00176784,0.053887241639485654,0.0056707430488031705,0.012916692500051669,0.28549643508459654,0.3040838706334514,55.40838706334514,True,True,True
16,0.045,0.001,0.004,0.00232,65.0,0.7124808841793205,0.00176784,0.053887241639485654,0.00756099073173756,0.012916692500051669,0.28549643508459654,0.30597411831638577,55.59741183163858,True,True,True
16,0.045,0.001,0.005,0.00232,65.0,0.7124808841793205,0.00176784,0.053887241639485654,0.00945123841467195,0.012916692500051669,0.28549643508459654,0.30786436599932016,55.78643659993202,True,True,True
16,0.045,0.001,0.006,0.00232,65.0,0.7124808841793205,0.00176784,0.053887241639485654,0.011341486097606341,0.012916692500051669,0.28549643508459654,0.30975461368225454,55.97546136822545,True,True,True
16,0.05,0.001,0.003,0.00232,65.0,0.671743357372989,0.00176784,0.05636714008727654,0.0056707430488031705,0.012916692500051669,0.2729358871284667,0.29152332267732156,54.152332267732156,True,True,True
16,0.05,0.001,0.004,0.00232,65.0,0.671743357372989,0.00176784,0.05636714008727654,0.00756099073173756,0.012916692500051669,0.2729358871284667,0.29341357036025595,54.3413570360256,True,True,True
16,0.05,0.001,0.005,0.00232,65.0,0.671743357372989,0.00176784,0.05636714008727654,0.00945123841467195,0.012916692500051669,0.2729358871284667,0.29530381804319034,54.530381804319035,True,True,True
16,0.05,0.001,0.006,0.00232,65.0,0.671743357372989,0.00176784,0.05636714008727654,0.011341486097606341,0.012916692500051669,0.2729358871284667,0.2971940657261247,54.71940657261247,True,True,True
17,0.025,0.001,0.003,0.0021125,65.0,0.8819779692405005,0.00171704,0.039800848711804816,0.0056707430488031705,0.012916692500051669,0.3865398825038711,0.40512731805272595,65.5127318052726,True,True,True
17,0.025,0.001,0.004,0.0021125,65.0,0.8819779692405005,0.00171704,0.039800848711804816,0.00756099073173756,0.012916692500051669,0.3865398825038711,0.40701756573566034,65.70175657356603,True,True,True
17,0.025,0.001,0.005,0.0021125,65.0,0.8819779692405005,0.00171704,0.039800848711804816,0.00945123841467195,0.012916692500051669,0.3865398825038711,0.4089078134185947,65.89078134185948,True,True,True
17,0.025,0.001,0.006,0.0021125,65.0,0.8819779692405005,0.00171704,0.039800848711804816,0.011341486097606341,0.012916692500051669,0.3865398825038711,0.4107980611015291,66.0798061101529,True,True,True
17,0.03,0.001,0.003,0.0021125,65.0,0.8408200080996091,0.00171704,0.04528496953968935,0.0056707430488031705,0.012916692500051669,0.3397289551256463,0.35831639067450116,60.83163906745012,True,True,True
17,0.03,0.001,0.004,0.0021125,65.0,0.8408200080996091,0.00171704,0.04528496953968935,0.00756099073173756,0.012916692500051669,0.3397289551256463,0.36020663835743555,61.020663835743555,True,True,True
17,0.03,0.001,0.005,0.0021125,65.0,0.8408200080996091,0.00171704,0.04528496953968935,0.00945123841467195,0.012916692500051669,0.3397289551256463,0.36209688604036994,61.20968860403699,True,True,True
17,0.03,0.001,0.006,0.0021125,65.0,0.8408200080996091,0.00171704,0.04528496953968935,0.011341486097606341,0.012916692500051669,0.3397289551256463,0.3639871337233043,61.398713372330434,True,True,True
17,0.035,0.001,0.003,0.0021125,65.0,0.7979562629595071,0.00171704,0.049955092008428126,0.0056707430488031705,0.012916692500051669,0.30796891299929513,0.32655634854814997,57.655634854815,True,True,True
17,0.035,0.001,0.004,0.0021125,65.0,0.7979562629595071,0.00171704,0.049955092008428126,0.00756099073173756,0.012916692500051669,0.30796891299929513,0.32844659623108435,57.844659623108434,True,True,True
17,0.035,0.001,0.005,0.0021125,65.0,0.7979562629595071,0.00171704,0.049955092008428126,0.00945123841467195,0.012916692500051669,0.30796891299929513,0.33033684391401874,58.03368439140188,True,True,True
17,0.035,0.001,0.006,0.0021125,65.0,0.7979562629595071,0.00171704,0.049955092008428126,0.011341486097606341,0.012916692500051669,0.30796891299929513,0.33222709159695313,58.22270915969531,True,True,True
17,0.04,0.001,0.003,0.0021125,65.0,0.7548114374884926,0.00171704,0.05386545259320497,0.0056707430488031705,0.012916692500051669,0.28561192088741727,0.3041993564362721,55.41993564362721,True,True,True
17,0.04,0.001,0.004,0.0021125,65.0,0.7548114374884926,0.00171704,0.05386545259320497,0.00756099073173756,0.012916692500051669,0.28561192088741727,0.3060896041192065,55.60896041192065,True,True,True
17,0.04,0.001,0.005,0.0021125,65.0,0.7548114374884926,0.00171704,0.05386545259320497,0.00945123841467195,0.012916692500051669,0.28561192088741727,0.3079798518021409,55.797985180214084,True,True,True
17,0.04,0.001,0.006,0.0021125,65.0,0.7548114374884926,0.00171704,0.05386545259320497,0.011341486097606341,0.012916692500051669,0.28561192088741727,0.30987009948507527,55.98700994850753,True,True,True
17,0.045,0.001,0.003,0.0021125,65.0,0.7124808841793205,0.00171704,0.05709390424195351,0.0056707430488031705,0.012916692500051669,0.26946161046226935,0.2880490460111242,53.80490460111242,True,True,True
17,0.045,0.001,0.004,0.0021125,65.0,0.7124808841793205,0.00171704,0.05709390424195351,0.00756099073173756,0.012916692500051669,0.26946161046226935,0.2899392936940586,53.99392936940586,True,True,True
17,0.045,0.001,0.005,0.0021125,65.0,0.7124808841793205,0.00171704,0.05709390424195351,0.00945123841467195,0.012916692500051669,0.26946161046226935,0.29182954137699296,54.1829541376993,True,True,True
17,0.045,0.001,0.006,0.0021125,65.0,0.7124808841793205,0.00171704,0.05709390424195351,0.011341486097606341,0.012916692500051669,0.26946161046226935,0.29371978905992735,54.371978905992734,True,True,True
17,0.05,0.001,0.003,0.0021125,65.0,0.671743357372989,0.00171704,0.05972879634273134,0.0056707430488031705,0.012916692500051669,0.25757450889076233,0.27616194443961717,52.61619444396172,True,True,True
17,0.05,0.001,0.004,0.0021125,65.0,0.671743357372989,0.00171704,0.05972879634273134,0.00756099073173756,0.012916692500051669,0.25757450889076233,0.27805219212255156,52.80521921225515,True,True,True
17,0.05,0.001,0.005,0.0021125,65.0,0.671743357372989,0.00171704,0.05972879634273134,0.00945123841467195,0.012916692500051669,0.25757450889076233,0.27994243980548594,52.994243980548596,True,True,True
17,0.05,0.001,0.006,0.0021125,65.0,0.671743357372989,0.00171704,0.05972879634273134,0.011341486097606341,0.012916692500051669,0.25757450889076233,0.28183268748842033,53.18326874884203,True,True,True
